"timestamp (abs)","sample rate (Hz)","Channel-7","Channel-6","Channel-5","Channel-4","Channel-3","ENABLE","DATA","CLK"
0,20000,0,0,0,0,0,0,1,1
308,20000,0,0,0,0,0,1,1,1
310,20000,0,0,0,0,0,0,1,1
312,20000,0,0,0,0,0,1,1,1
313,20000,0,0,0,0,0,1,0,0
315,20000,0,0,0,0,0,1,0,1
316,20000,0,0,0,0,0,1,0,0
317,20000,0,0,0,0,0,1,0,1
319,20000,0,0,0,0,0,1,0,0
320,20000,0,0,0,0,0,1,0,1
321,20000,0,0,0,0,0,1,0,0
322,20000,0,0,0,0,0,1,0,1
323,20000,0,0,0,0,0,1,1,1
324,20000,0,0,0,0,0,1,1,0
325,20000,0,0,0,0,0,1,1,1
326,20000,0,0,0,0,0,1,1,0
328,20000,0,0,0,0,0,1,1,1
329,20000,0,0,0,0,0,1,1,0
330,20000,0,0,0,0,0,1,1,1
332,20000,0,0,0,0,0,1,1,0
333,20000,0,0,0,0,0,1,1,1
335,20000,0,0,0,0,0,1,1,0
336,20000,0,0,0,0,0,1,0,1
337,20000,0,0,0,0,0,1,0,0
338,20000,0,0,0,0,0,1,0,1
339,20000,0,0,0,0,0,1,1,1
340,20000,0,0,0,0,0,1,1,0
341,20000,0,0,0,0,0,1,1,1
342,20000,0,0,0,0,0,1,0,0
344,20000,0,0,0,0,0,1,1,1
345,20000,0,0,0,0,0,1,1,0
346,20000,0,0,0,0,0,1,1,1
348,20000,0,0,0,0,0,1,1,0
349,20000,0,0,0,0,0,1,0,1
350,20000,0,0,0,0,0,1,0,0
351,20000,0,0,0,0,0,1,0,1
352,20000,0,0,0,0,0,1,1,1
353,20000,0,0,0,0,0,1,1,0
354,20000,0,0,0,0,0,1,1,1
356,20000,0,0,0,0,0,1,1,0
357,20000,0,0,0,0,0,1,0,1
358,20000,0,0,0,0,0,1,0,0
359,20000,0,0,0,0,0,1,0,1
360,20000,0,0,0,0,0,1,1,1
361,20000,0,0,0,0,0,1,1,0
362,20000,0,0,0,0,0,1,1,1
363,20000,0,0,0,0,0,1,1,0
365,20000,0,0,0,0,0,1,1,1
366,20000,0,0,0,0,0,1,1,0
367,20000,0,0,0,0,0,1,1,1
369,20000,0,0,0,0,0,1,1,0
370,20000,0,0,0,0,0,1,1,1
371,20000,0,0,0,0,0,1,1,0
372,20000,0,0,0,0,0,1,1,1
373,20000,0,0,0,0,0,1,0,1
374,20000,0,0,0,0,0,1,0,0
375,20000,0,0,0,0,0,1,0,1
376,20000,0,0,0,0,0,1,1,1
377,20000,0,0,0,0,0,1,1,0
378,20000,0,0,0,0,0,1,1,1
379,20000,0,0,0,0,0,1,0,0
381,20000,0,0,0,0,0,1,1,1
382,20000,0,0,0,0,0,1,1,0
383,20000,0,0,0,0,0,1,1,1
385,20000,0,0,0,0,0,1,1,0
386,20000,0,0,0,0,0,1,1,1
387,20000,0,0,0,0,0,1,1,0
388,20000,0,0,0,0,0,1,1,1
389,20000,0,0,0,0,0,1,0,1
390,20000,0,0,0,0,0,1,0,0
391,20000,0,0,0,0,0,1,0,1
392,20000,0,0,0,0,0,1,1,0
394,20000,0,0,0,0,0,1,1,1
395,20000,0,0,0,0,0,1,1,0
396,20000,0,0,0,0,0,1,1,1
398,20000,0,0,0,0,0,1,1,0
399,20000,0,0,0,0,0,1,1,1
400,20000,0,0,0,0,0,1,0,0
402,20000,0,0,0,0,0,1,1,1
403,20000,0,0,0,0,0,1,1,0
404,20000,0,0,0,0,0,1,1,1
406,20000,0,0,0,0,0,1,1,0
407,20000,0,0,0,0,0,1,0,1
408,20000,0,0,0,0,0,1,0,0
409,20000,0,0,0,0,0,1,0,1
410,20000,0,0,0,0,0,1,1,1
411,20000,0,0,0,0,0,1,1,0
412,20000,0,0,0,0,0,1,1,1
413,20000,0,0,0,0,0,1,1,0
415,20000,0,0,0,0,0,1,0,1
416,20000,0,0,0,0,0,1,0,0
417,20000,0,0,0,0,0,1,0,1
421,20000,0,0,0,0,0,1,1,0
423,20000,0,0,0,0,0,1,0,1
424,20000,0,0,0,0,0,1,0,0
425,20000,0,0,0,0,0,1,0,1
426,20000,0,0,0,0,0,1,1,0
428,20000,0,0,0,0,0,1,1,1
429,20000,0,0,0,0,0,1,1,0
430,20000,0,0,0,0,0,1,1,1
431,20000,0,0,0,0,0,1,0,1
432,20000,0,0,0,0,0,1,0,0
433,20000,0,0,0,0,0,1,0,1
434,20000,0,0,0,0,0,1,0,0
435,20000,0,0,0,0,0,1,0,1
437,20000,0,0,0,0,0,1,0,0
438,20000,0,0,0,0,0,1,0,1
439,20000,0,0,0,0,0,1,0,0
441,20000,0,0,0,0,0,1,0,1
442,20000,0,0,0,0,0,1,1,0
443,20000,0,0,0,0,0,1,1,1
444,20000,0,0,0,0,0,1,0,1
445,20000,0,0,0,0,0,1,0,0
446,20000,0,0,0,0,0,1,0,1
447,20000,0,0,0,0,0,1,0,0
449,20000,0,0,0,0,0,1,1,1
450,20000,0,0,0,0,0,1,1,0
451,20000,0,0,0,0,0,1,1,1
453,20000,0,0,0,0,0,1,1,0
454,20000,0,0,0,0,0,1,0,1
455,20000,0,0,0,0,0,1,0,0
456,20000,0,0,0,0,0,1,0,1
458,20000,0,0,0,0,0,1,0,0
459,20000,0,0,0,0,0,1,0,1
460,20000,0,0,0,0,0,1,1,0
462,20000,0,0,0,0,0,1,1,1
463,20000,0,0,0,0,0,1,1,0
465,20000,0,0,0,0,0,1,0,1
466,20000,0,0,0,0,0,1,0,0
467,20000,0,0,0,0,0,1,0,1
468,20000,0,0,0,0,0,1,1,0
470,20000,0,0,0,0,0,1,1,1
471,20000,0,0,0,0,0,1,1,0
472,20000,0,0,0,0,0,1,1,1
474,20000,0,0,0,0,0,1,1,0
475,20000,0,0,0,0,0,1,0,1
476,20000,0,0,0,0,0,1,0,0
477,20000,0,0,0,0,0,1,0,1
479,20000,0,0,0,0,0,1,0,0
480,20000,0,0,0,0,0,1,0,1
481,20000,0,0,0,0,0,1,1,0
483,20000,0,0,0,0,0,1,1,1
484,20000,0,0,0,0,0,1,1,0
486,20000,0,0,0,0,0,1,0,1
487,20000,0,0,0,0,0,1,0,0
488,20000,0,0,0,0,0,1,0,1
489,20000,0,0,0,0,0,1,1,0
491,20000,0,0,0,0,0,1,1,1
492,20000,0,0,0,0,0,1,1,0
493,20000,0,0,0,0,0,1,1,1
494,20000,0,0,0,0,0,1,0,1
495,20000,0,0,0,0,0,1,0,0
496,20000,0,0,0,0,0,1,0,1
497,20000,0,0,0,0,0,1,0,0
498,20000,0,0,0,0,0,1,0,1
499,20000,0,0,0,0,0,1,1,1
500,20000,0,0,0,0,0,1,1,0
501,20000,0,0,0,0,0,1,1,1
502,20000,0,0,0,0,0,1,0,0
504,20000,0,0,0,0,0,1,0,1
505,20000,0,0,0,0,0,1,1,0
507,20000,0,0,0,0,0,1,0,1
508,20000,0,0,0,0,0,1,0,0
509,20000,0,0,0,0,0,1,0,1
510,20000,0,0,0,0,0,1,1,1
511,20000,0,0,0,0,0,1,1,0
512,20000,0,0,0,0,0,1,1,1
513,20000,0,0,0,0,0,1,1,0
514,20000,0,0,0,0,0,1,1,1
516,20000,0,0,0,0,0,1,1,0
517,20000,0,0,0,0,0,1,1,1
518,20000,0,0,0,0,0,1,0,0
520,20000,0,0,0,0,0,1,0,1
521,20000,0,0,0,0,0,1,0,0
522,20000,0,0,0,0,0,1,0,1
523,20000,0,0,0,0,0,1,1,0
525,20000,0,0,0,0,0,1,1,1
526,20000,0,0,0,0,0,1,1,0
528,20000,0,0,0,0,0,1,0,1
529,20000,0,0,0,0,0,1,0,0
530,20000,0,0,0,0,0,1,0,1
531,20000,0,0,0,0,0,1,1,1
532,20000,0,0,0,0,0,1,1,0
533,20000,0,0,0,0,0,1,1,1
534,20000,0,0,0,0,0,1,1,0
535,20000,0,0,0,0,0,1,1,1
536,20000,0,0,0,0,0,1,0,1
537,20000,0,0,0,0,0,1,0,0
538,20000,0,0,0,0,0,1,0,1
539,20000,0,0,0,0,0,1,0,0
541,20000,0,0,0,0,0,1,1,1
542,20000,0,0,0,0,0,1,1,0
543,20000,0,0,0,0,0,1,1,1
544,20000,0,0,0,0,0,1,0,0
546,20000,0,0,0,0,0,1,0,1
547,20000,0,0,0,0,0,1,1,0
549,20000,0,0,0,0,0,1,1,1
550,20000,0,0,0,0,0,1,1,0
551,20000,0,0,0,0,0,1,1,1
552,20000,0,0,0,0,0,1,0,1
553,20000,0,0,0,0,0,1,0,0
554,20000,0,0,0,0,0,1,0,1
555,20000,0,0,0,0,0,1,0,0
556,20000,0,0,0,0,0,1,0,1
557,20000,0,0,0,0,0,1,1,1
558,20000,0,0,0,0,0,1,1,0
559,20000,0,0,0,0,0,1,1,1
560,20000,0,0,0,0,0,1,1,0
562,20000,0,0,0,0,0,1,1,1
563,20000,0,0,0,0,0,1,1,0
564,20000,0,0,0,0,0,1,1,1
565,20000,0,0,0,0,0,1,0,1
566,20000,0,0,0,0,0,1,0,0
567,20000,0,0,0,0,0,1,0,1
570,20000,0,0,0,0,0,1,1,1
571,20000,0,0,0,0,0,1,1,0
572,20000,0,0,0,0,0,1,1,1
573,20000,0,0,0,0,0,1,1,0
575,20000,0,0,0,0,0,1,0,1
576,20000,0,0,0,0,0,1,0,0
577,20000,0,0,0,0,0,1,0,1
578,20000,0,0,0,0,0,1,1,1
579,20000,0,0,0,0,0,1,1,0
580,20000,0,0,0,0,0,1,0,1
581,20000,0,0,0,0,0,1,0,0
582,20000,0,0,0,0,0,1,0,1
584,20000,0,0,0,0,0,1,0,0
585,20000,0,0,0,0,0,1,0,1
586,20000,0,0,0,0,0,1,1,0
588,20000,0,0,0,0,0,1,0,1
589,20000,0,0,0,0,0,1,0,0
590,20000,0,0,0,0,0,1,0,1
591,20000,0,0,0,0,0,1,1,1
592,20000,0,0,0,0,0,1,1,0
593,20000,0,0,0,0,0,1,1,1
594,20000,0,0,0,0,0,1,1,0
596,20000,0,0,0,0,0,1,0,1
597,20000,0,0,0,0,0,1,0,0
598,20000,0,0,0,0,0,1,0,1
600,20000,0,0,0,0,0,1,0,0
601,20000,0,0,0,0,0,1,1,1
602,20000,0,0,0,0,0,1,1,0
603,20000,0,0,0,0,0,1,1,1
605,20000,0,0,0,0,0,1,1,0
606,20000,0,0,0,0,0,1,1,1
607,20000,0,0,0,0,0,1,1,0
609,20000,0,0,0,0,0,1,0,1
610,20000,0,0,0,0,0,1,0,0
611,20000,0,0,0,0,0,1,0,1
612,20000,0,0,0,0,0,1,1,1
613,20000,0,0,0,0,0,1,1,0
614,20000,0,0,0,0,0,1,1,1
616,20000,0,0,0,0,0,1,1,0
617,20000,0,0,0,0,0,1,0,1
618,20000,0,0,0,0,0,1,0,0
619,20000,0,0,0,0,0,1,0,1
620,20000,0,0,0,0,0,1,1,1
621,20000,0,0,0,0,0,1,1,0
622,20000,0,0,0,0,0,1,1,1
623,20000,0,0,0,0,0,1,1,0
625,20000,0,0,0,0,0,1,1,1
626,20000,0,0,0,0,0,1,1,0
627,20000,0,0,0,0,0,1,1,1
629,20000,0,0,0,0,0,1,1,0
630,20000,0,0,0,0,0,1,1,1
631,20000,0,0,0,0,0,1,1,0
632,20000,0,0,0,0,0,1,1,1
634,20000,0,0,0,0,0,1,1,0
635,20000,0,0,0,0,0,1,1,1
637,20000,0,0,0,0,0,1,1,0
638,20000,0,0,0,0,0,1,1,1
639,20000,0,0,0,0,0,1,0,0
641,20000,0,0,0,0,0,1,1,1
642,20000,0,0,0,0,0,1,1,0
643,20000,0,0,0,0,0,1,1,1
644,20000,0,0,0,0,0,1,1,0
646,20000,0,0,0,0,0,1,1,1
647,20000,0,0,0,0,0,1,1,0
648,20000,0,0,0,0,0,1,1,1
650,20000,0,0,0,0,0,1,1,0
651,20000,0,0,0,0,0,1,1,1
652,20000,0,0,0,0,0,1,1,0
654,20000,0,0,0,0,0,1,1,1
655,20000,0,0,0,0,0,1,1,0
656,20000,0,0,0,0,0,1,1,1
658,20000,0,0,0,0,0,1,1,0
659,20000,0,0,0,0,0,1,1,1
660,20000,0,0,0,0,0,1,0,0
662,20000,0,0,0,0,0,1,1,1
663,20000,0,0,0,0,0,1,1,0
664,20000,0,0,0,0,0,1,1,1
666,20000,0,0,0,0,0,1,1,0
667,20000,0,0,0,0,0,1,1,1
668,20000,0,0,0,0,0,1,1,0
669,20000,0,0,0,0,0,1,1,1
671,20000,0,0,0,0,0,1,1,0
672,20000,0,0,0,0,0,1,1,1
673,20000,0,0,0,0,0,1,1,0
675,20000,0,0,0,0,0,1,1,1
678,20000,0,0,0,0,0,1,1,0
679,20000,0,0,0,0,0,1,1,1
681,20000,0,0,0,0,0,1,1,0
682,20000,0,0,0,0,0,1,1,1
683,20000,0,0,0,0,0,1,0,0
685,20000,0,0,0,0,0,1,1,1
686,20000,0,0,0,0,0,1,1,0
687,20000,0,0,0,0,0,1,1,1
689,20000,0,0,0,0,0,1,1,0
690,20000,0,0,0,0,0,1,0,1
691,20000,0,0,0,0,0,1,0,0
692,20000,0,0,0,0,0,1,0,1
693,20000,0,0,0,0,0,1,1,1
694,20000,0,0,0,0,0,1,1,0
695,20000,0,0,0,0,0,1,1,1
696,20000,0,0,0,0,0,1,0,0
698,20000,0,0,0,0,0,0,1,1
2961,20000,0,0,0,0,0,1,1,1
2964,20000,0,0,0,0,0,0,1,1
2966,20000,0,0,0,0,0,1,1,1
2967,20000,0,0,0,0,0,1,0,0
2969,20000,0,0,0,0,0,1,0,1
2970,20000,0,0,0,0,0,1,0,0
2971,20000,0,0,0,0,0,1,0,1
2972,20000,0,0,0,0,0,1,0,0
2974,20000,0,0,0,0,0,1,0,1
2975,20000,0,0,0,0,0,1,0,0
2976,20000,0,0,0,0,0,1,0,1
2977,20000,0,0,0,0,0,1,1,1
2978,20000,0,0,0,0,0,1,1,0
2979,20000,0,0,0,0,0,1,1,1
2980,20000,0,0,0,0,0,1,1,0
2981,20000,0,0,0,0,0,1,1,1
2983,20000,0,0,0,0,0,1,1,0
2984,20000,0,0,0,0,0,1,1,1
2985,20000,0,0,0,0,0,1,1,0
2987,20000,0,0,0,0,0,1,1,1
2988,20000,0,0,0,0,0,1,1,0
2990,20000,0,0,0,0,0,1,0,1
2991,20000,0,0,0,0,0,1,0,0
2992,20000,0,0,0,0,0,1,0,1
2993,20000,0,0,0,0,0,1,1,0
2995,20000,0,0,0,0,0,1,0,1
2996,20000,0,0,0,0,0,1,0,0
2997,20000,0,0,0,0,0,1,0,1
2998,20000,0,0,0,0,0,1,1,1
2999,20000,0,0,0,0,0,1,1,0
3000,20000,0,0,0,0,0,1,1,1
3001,20000,0,0,0,0,0,1,1,0
3003,20000,0,0,0,0,0,1,0,1
3004,20000,0,0,0,0,0,1,0,0
3005,20000,0,0,0,0,0,1,0,1
3006,20000,0,0,0,0,0,1,1,0
3008,20000,0,0,0,0,0,1,1,1
3009,20000,0,0,0,0,0,1,1,0
3011,20000,0,0,0,0,0,1,0,1
3012,20000,0,0,0,0,0,1,0,0
3013,20000,0,0,0,0,0,1,0,1
3014,20000,0,0,0,0,0,1,1,1
3015,20000,0,0,0,0,0,1,1,0
3016,20000,0,0,0,0,0,1,1,1
3017,20000,0,0,0,0,0,1,1,0
3018,20000,0,0,0,0,0,1,1,1
3020,20000,0,0,0,0,0,1,1,0
3021,20000,0,0,0,0,0,1,1,1
3022,20000,0,0,0,0,0,1,1,0
3024,20000,0,0,0,0,0,1,1,1
3025,20000,0,0,0,0,0,1,1,0
3026,20000,0,0,0,0,0,1,1,1
3027,20000,0,0,0,0,0,1,0,1
3028,20000,0,0,0,0,0,1,0,0
3029,20000,0,0,0,0,0,1,0,1
3032,20000,0,0,0,0,0,1,1,1
3033,20000,0,0,0,0,0,1,1,0
3034,20000,0,0,0,0,0,1,1,1
3035,20000,0,0,0,0,0,1,0,0
3037,20000,0,0,0,0,0,1,1,1
3038,20000,0,0,0,0,0,1,1,0
3039,20000,0,0,0,0,0,1,1,1
3041,20000,0,0,0,0,0,1,1,0
3042,20000,0,0,0,0,0,1,1,1
3043,20000,0,0,0,0,0,1,1,0
3044,20000,0,0,0,0,0,1,1,1
3045,20000,0,0,0,0,0,1,0,1
3046,20000,0,0,0,0,0,1,0,0
3047,20000,0,0,0,0,0,1,0,1
3048,20000,0,0,0,0,0,1,1,0
3050,20000,0,0,0,0,0,1,1,1
3051,20000,0,0,0,0,0,1,1,0
3052,20000,0,0,0,0,0,1,1,1
3054,20000,0,0,0,0,0,1,1,0
3055,20000,0,0,0,0,0,1,1,1
3056,20000,0,0,0,0,0,1,0,0
3058,20000,0,0,0,0,0,1,1,1
3059,20000,0,0,0,0,0,1,1,0
3060,20000,0,0,0,0,0,1,1,1
3062,20000,0,0,0,0,0,1,1,0
3063,20000,0,0,0,0,0,1,1,1
3064,20000,0,0,0,0,0,1,0,0
3066,20000,0,0,0,0,0,1,1,1
3067,20000,0,0,0,0,0,1,1,0
3068,20000,0,0,0,0,0,1,1,1
3069,20000,0,0,0,0,0,1,1,0
3071,20000,0,0,0,0,0,1,0,1
3072,20000,0,0,0,0,0,1,0,0
3073,20000,0,0,0,0,0,1,0,1
3074,20000,0,0,0,0,0,1,1,1
3075,20000,0,0,0,0,0,1,1,0
3076,20000,0,0,0,0,0,1,1,1
3077,20000,0,0,0,0,0,1,0,1
3078,20000,0,0,0,0,0,1,0,0
3079,20000,0,0,0,0,0,1,1,1
3080,20000,0,0,0,0,0,1,1,0
3081,20000,0,0,0,0,0,1,1,1
3083,20000,0,0,0,0,0,1,1,0
3084,20000,0,0,0,0,0,1,1,1
3085,20000,0,0,0,0,0,1,0,0
3087,20000,0,0,0,0,0,1,0,1
3088,20000,0,0,0,0,0,1,0,0
3089,20000,0,0,0,0,0,1,0,1
3090,20000,0,0,0,0,0,1,0,0
3092,20000,0,0,0,0,0,1,0,1
3093,20000,0,0,0,0,0,1,0,0
3094,20000,0,0,0,0,0,1,0,1
3095,20000,0,0,0,0,0,1,1,1
3096,20000,0,0,0,0,0,1,1,0
3097,20000,0,0,0,0,0,1,1,1
3098,20000,0,0,0,0,0,1,0,1
3099,20000,0,0,0,0,0,1,0,0
3100,20000,0,0,0,0,0,1,0,1
3101,20000,0,0,0,0,0,1,0,0
3102,20000,0,0,0,0,0,1,0,1
3103,20000,0,0,0,0,0,1,1,1
3104,20000,0,0,0,0,0,1,1,0
3105,20000,0,0,0,0,0,1,1,1
3106,20000,0,0,0,0,0,1,1,0
3108,20000,0,0,0,0,0,1,0,1
3109,20000,0,0,0,0,0,1,0,0
3110,20000,0,0,0,0,0,1,0,1
3111,20000,0,0,0,0,0,1,0,0
3113,20000,0,0,0,0,0,1,1,1
3114,20000,0,0,0,0,0,1,1,0
3115,20000,0,0,0,0,0,1,1,1
3117,20000,0,0,0,0,0,1,1,0
3118,20000,0,0,0,0,0,1,1,1
3119,20000,0,0,0,0,0,1,0,1
3120,20000,0,0,0,0,0,1,0,0
3121,20000,0,0,0,0,0,1,1,1
3122,20000,0,0,0,0,0,1,1,0
3123,20000,0,0,0,0,0,1,1,1
3125,20000,0,0,0,0,0,1,1,0
3126,20000,0,0,0,0,0,1,1,1
3127,20000,0,0,0,0,0,1,1,0
3129,20000,0,0,0,0,0,1,0,1
3130,20000,0,0,0,0,0,1,0,0
3131,20000,0,0,0,0,0,1,0,1
3133,20000,0,0,0,0,0,1,0,0
3134,20000,0,0,0,0,0,1,1,1
3135,20000,0,0,0,0,0,1,1,0
3136,20000,0,0,0,0,0,1,1,1
3138,20000,0,0,0,0,0,1,1,0
3139,20000,0,0,0,0,0,1,1,1
3140,20000,0,0,0,0,0,1,0,1
3141,20000,0,0,0,0,0,1,0,0
3142,20000,0,0,0,0,0,1,0,1
3143,20000,0,0,0,0,0,1,1,0
3144,20000,0,0,0,0,0,1,1,1
3146,20000,0,0,0,0,0,1,1,0
3147,20000,0,0,0,0,0,1,1,1
3148,20000,0,0,0,0,0,1,0,0
3150,20000,0,0,0,0,0,1,0,1
3151,20000,0,0,0,0,0,1,0,0
3152,20000,0,0,0,0,0,1,0,1
3153,20000,0,0,0,0,0,1,1,1
3154,20000,0,0,0,0,0,1,1,0
3155,20000,0,0,0,0,0,1,0,1
3156,20000,0,0,0,0,0,1,0,0
3157,20000,0,0,0,0,0,1,0,1
3158,20000,0,0,0,0,0,1,1,1
3159,20000,0,0,0,0,0,1,1,0
3160,20000,0,0,0,0,0,1,1,1
3161,20000,0,0,0,0,0,1,0,1
3162,20000,0,0,0,0,0,1,0,0
3163,20000,0,0,0,0,0,1,0,1
3164,20000,0,0,0,0,0,1,1,0
3166,20000,0,0,0,0,0,1,1,1
3167,20000,0,0,0,0,0,1,1,0
3168,20000,0,0,0,0,0,1,1,1
3169,20000,0,0,0,0,0,1,1,0
3171,20000,0,0,0,0,0,1,0,1
3172,20000,0,0,0,0,0,1,0,0
3173,20000,0,0,0,0,0,1,0,1
3175,20000,0,0,0,0,0,1,0,0
3176,20000,0,0,0,0,0,1,0,1
3177,20000,0,0,0,0,0,1,1,0
3178,20000,0,0,0,0,0,1,1,1
3180,20000,0,0,0,0,0,1,1,0
3181,20000,0,0,0,0,0,1,1,1
3182,20000,0,0,0,0,0,1,0,1
3183,20000,0,0,0,0,0,1,0,0
3184,20000,0,0,0,0,0,1,0,1
3185,20000,0,0,0,0,0,1,1,0
3187,20000,0,0,0,0,0,1,1,1
3188,20000,0,0,0,0,0,1,1,0
3189,20000,0,0,0,0,0,1,1,1
3190,20000,0,0,0,0,0,1,0,0
3192,20000,0,0,0,0,0,1,0,1
3193,20000,0,0,0,0,0,1,0,0
3194,20000,0,0,0,0,0,1,0,1
3195,20000,0,0,0,0,0,1,1,1
3196,20000,0,0,0,0,0,1,1,0
3197,20000,0,0,0,0,0,1,1,1
3198,20000,0,0,0,0,0,1,0,0
3200,20000,0,0,0,0,0,1,0,1
3203,20000,0,0,0,0,0,1,1,1
3204,20000,0,0,0,0,0,1,1,0
3205,20000,0,0,0,0,0,1,1,1
3206,20000,0,0,0,0,0,1,1,0
3207,20000,0,0,0,0,0,1,1,1
3208,20000,0,0,0,0,0,1,0,1
3209,20000,0,0,0,0,0,1,0,0
3210,20000,0,0,0,0,0,1,0,1
3211,20000,0,0,0,0,0,1,0,0
3213,20000,0,0,0,0,0,1,1,1
3214,20000,0,0,0,0,0,1,1,0
3215,20000,0,0,0,0,0,1,1,1
3216,20000,0,0,0,0,0,1,1,0
3218,20000,0,0,0,0,0,1,1,1
3219,20000,0,0,0,0,0,1,1,0
3220,20000,0,0,0,0,0,1,1,1
3221,20000,0,0,0,0,0,1,0,1
3222,20000,0,0,0,0,0,1,0,0
3223,20000,0,0,0,0,0,1,0,1
3224,20000,0,0,0,0,0,1,1,1
3225,20000,0,0,0,0,0,1,1,0
3226,20000,0,0,0,0,0,1,1,1
3227,20000,0,0,0,0,0,1,1,0
3228,20000,0,0,0,0,0,1,1,1
3229,20000,0,0,0,0,0,1,0,1
3230,20000,0,0,0,0,0,1,0,0
3231,20000,0,0,0,0,0,1,0,1
3232,20000,0,0,0,0,0,1,1,0
3234,20000,0,0,0,0,0,1,0,1
3235,20000,0,0,0,0,0,1,0,0
3236,20000,0,0,0,0,0,1,0,1
3237,20000,0,0,0,0,0,1,0,0
3239,20000,0,0,0,0,0,1,1,1
3240,20000,0,0,0,0,0,1,1,0
3241,20000,0,0,0,0,0,1,1,1
3242,20000,0,0,0,0,0,1,0,1
3243,20000,0,0,0,0,0,1,0,0
3244,20000,0,0,0,0,0,1,0,1
3245,20000,0,0,0,0,0,1,1,1
3246,20000,0,0,0,0,0,1,1,0
3247,20000,0,0,0,0,0,1,1,1
3248,20000,0,0,0,0,0,1,1,0
3249,20000,0,0,0,0,0,1,1,1
3250,20000,0,0,0,0,0,1,0,1
3251,20000,0,0,0,0,0,1,0,0
3252,20000,0,0,0,0,0,1,0,1
3253,20000,0,0,0,0,0,1,0,0
3255,20000,0,0,0,0,0,1,1,1
3256,20000,0,0,0,0,0,1,1,0
3257,20000,0,0,0,0,0,1,1,1
3259,20000,0,0,0,0,0,1,1,0
3260,20000,0,0,0,0,0,1,1,1
3261,20000,0,0,0,0,0,1,1,0
3262,20000,0,0,0,0,0,1,1,1
3263,20000,0,0,0,0,0,1,0,1
3264,20000,0,0,0,0,0,1,0,0
3265,20000,0,0,0,0,0,1,0,1
3266,20000,0,0,0,0,0,1,1,1
3267,20000,0,0,0,0,0,1,1,0
3268,20000,0,0,0,0,0,1,1,1
3269,20000,0,0,0,0,0,1,1,0
3271,20000,0,0,0,0,0,1,0,1
3272,20000,0,0,0,0,0,1,0,0
3273,20000,0,0,0,0,0,1,0,1
3274,20000,0,0,0,0,0,1,1,0
3276,20000,0,0,0,0,0,1,1,1
3277,20000,0,0,0,0,0,1,1,0
3278,20000,0,0,0,0,0,1,1,1
3280,20000,0,0,0,0,0,1,1,0
3281,20000,0,0,0,0,0,1,1,1
3282,20000,0,0,0,0,0,1,1,0
3284,20000,0,0,0,0,0,1,1,1
3285,20000,0,0,0,0,0,1,1,0
3286,20000,0,0,0,0,0,1,1,1
3288,20000,0,0,0,0,0,1,1,0
3289,20000,0,0,0,0,0,1,1,1
3290,20000,0,0,0,0,0,1,1,0
3292,20000,0,0,0,0,0,1,0,1
3293,20000,0,0,0,0,0,1,0,0
3294,20000,0,0,0,0,0,1,0,1
3295,20000,0,0,0,0,0,1,1,1
3296,20000,0,0,0,0,0,1,1,0
3297,20000,0,0,0,0,0,1,1,1
3298,20000,0,0,0,0,0,1,1,0
3299,20000,0,0,0,0,0,1,1,1
3301,20000,0,0,0,0,0,1,1,0
3302,20000,0,0,0,0,0,1,1,1
3303,20000,0,0,0,0,0,1,1,0
3305,20000,0,0,0,0,0,1,1,1
3306,20000,0,0,0,0,0,1,1,0
3307,20000,0,0,0,0,0,1,1,1
3309,20000,0,0,0,0,0,1,1,0
3310,20000,0,0,0,0,0,1,1,1
3312,20000,0,0,0,0,0,1,1,0
3313,20000,0,0,0,0,0,1,0,1
3314,20000,0,0,0,0,0,1,0,0
3315,20000,0,0,0,0,0,1,0,1
3316,20000,0,0,0,0,0,1,1,1
3317,20000,0,0,0,0,0,1,1,0
3318,20000,0,0,0,0,0,1,1,1
3319,20000,0,0,0,0,0,1,1,0
3321,20000,0,0,0,0,0,1,1,1
3322,20000,0,0,0,0,0,1,1,0
3323,20000,0,0,0,0,0,1,1,1
3325,20000,0,0,0,0,0,1,1,0
3326,20000,0,0,0,0,0,1,1,1
3327,20000,0,0,0,0,0,1,1,0
3328,20000,0,0,0,0,0,1,1,1
3332,20000,0,0,0,0,0,1,1,0
3333,20000,0,0,0,0,0,1,1,1
3335,20000,0,0,0,0,0,1,1,0
3336,20000,0,0,0,0,0,1,0,1
3337,20000,0,0,0,0,0,1,0,0
3338,20000,0,0,0,0,0,1,0,1
3339,20000,0,0,0,0,0,1,1,1
3340,20000,0,0,0,0,0,1,1,0
3341,20000,0,0,0,0,0,1,1,1
3342,20000,0,0,0,0,0,1,1,0
3344,20000,0,0,0,0,0,1,0,1
3345,20000,0,0,0,0,0,1,0,0
3346,20000,0,0,0,0,0,1,0,1
3347,20000,0,0,0,0,0,1,1,0
3349,20000,0,0,0,0,0,1,0,1
3350,20000,0,0,0,0,0,1,0,0
3351,20000,0,0,0,0,0,1,0,1
3355,20000,0,0,0,0,0,0,1,1
5356,20000,0,0,0,0,0,1,1,1
5358,20000,0,0,0,0,0,0,1,1
5360,20000,0,0,0,0,0,1,1,1
5361,20000,0,0,0,0,0,1,0,1
5362,20000,0,0,0,0,0,1,0,0
5363,20000,0,0,0,0,0,1,0,1
5364,20000,0,0,0,0,0,1,0,0
5365,20000,0,0,0,0,0,1,0,1
5367,20000,0,0,0,0,0,1,0,0
5368,20000,0,0,0,0,0,1,0,1
5369,20000,0,0,0,0,0,1,0,0
5371,20000,0,0,0,0,0,1,1,1
5372,20000,0,0,0,0,0,1,1,0
5373,20000,0,0,0,0,0,1,1,1
5375,20000,0,0,0,0,0,1,1,0
5376,20000,0,0,0,0,0,1,1,1
5377,20000,0,0,0,0,0,1,1,0
5378,20000,0,0,0,0,0,1,1,1
5380,20000,0,0,0,0,0,1,1,0
5381,20000,0,0,0,0,0,1,1,1
5383,20000,0,0,0,0,0,1,1,0
5384,20000,0,0,0,0,0,1,1,1
5385,20000,0,0,0,0,0,1,0,0
5387,20000,0,0,0,0,0,1,1,1
5388,20000,0,0,0,0,0,1,1,0
5389,20000,0,0,0,0,0,1,1,1
5390,20000,0,0,0,0,0,1,0,0
5392,20000,0,0,0,0,0,1,1,1
5393,20000,0,0,0,0,0,1,1,0
5394,20000,0,0,0,0,0,1,1,1
5396,20000,0,0,0,0,0,1,1,0
5397,20000,0,0,0,0,0,1,1,1
5398,20000,0,0,0,0,0,1,0,0
5400,20000,0,0,0,0,0,1,1,1
5401,20000,0,0,0,0,0,1,1,0
5402,20000,0,0,0,0,0,1,1,1
5404,20000,0,0,0,0,0,1,1,0
5405,20000,0,0,0,0,0,1,1,1
5406,20000,0,0,0,0,0,1,0,0
5408,20000,0,0,0,0,0,1,1,1
5409,20000,0,0,0,0,0,1,1,0
5410,20000,0,0,0,0,0,1,1,1
5412,20000,0,0,0,0,0,1,1,0
5413,20000,0,0,0,0,0,1,1,1
5414,20000,0,0,0,0,0,1,1,0
5415,20000,0,0,0,0,0,1,1,1
5417,20000,0,0,0,0,0,1,1,0
5418,20000,0,0,0,0,0,1,1,1
5419,20000,0,0,0,0,0,1,1,0
5421,20000,0,0,0,0,0,1,0,1
5422,20000,0,0,0,0,0,1,0,0
5423,20000,0,0,0,0,0,1,0,1
5424,20000,0,0,0,0,0,1,1,1
5425,20000,0,0,0,0,0,1,1,0
5426,20000,0,0,0,0,0,1,1,1
5427,20000,0,0,0,0,0,1,0,0
5429,20000,0,0,0,0,0,1,1,1
5430,20000,0,0,0,0,0,1,1,0
5431,20000,0,0,0,0,0,1,1,1
5433,20000,0,0,0,0,0,1,1,0
5434,20000,0,0,0,0,0,1,1,1
5435,20000,0,0,0,0,0,1,1,0
5437,20000,0,0,0,0,0,1,0,1
5438,20000,0,0,0,0,0,1,0,0
5439,20000,0,0,0,0,0,1,0,1
5440,20000,0,0,0,0,0,1,1,0
5442,20000,0,0,0,0,0,1,1,1
5443,20000,0,0,0,0,0,1,1,0
5444,20000,0,0,0,0,0,1,1,1
5446,20000,0,0,0,0,0,1,1,0
5447,20000,0,0,0,0,0,1,1,1
5448,20000,0,0,0,0,0,1,0,1
5449,20000,0,0,0,0,0,1,0,0
5450,20000,0,0,0,0,0,1,1,1
5451,20000,0,0,0,0,0,1,1,0
5452,20000,0,0,0,0,0,1,1,1
5454,20000,0,0,0,0,0,1,1,0
5455,20000,0,0,0,0,0,1,1,1
5456,20000,0,0,0,0,0,1,0,0
5458,20000,0,0,0,0,0,1,1,1
5459,20000,0,0,0,0,0,1,1,0
5460,20000,0,0,0,0,0,1,1,1
5462,20000,0,0,0,0,0,1,1,0
5463,20000,0,0,0,0,0,1,0,1
5464,20000,0,0,0,0,0,1,0,0
5465,20000,0,0,0,0,0,1,0,1
5466,20000,0,0,0,0,0,1,1,1
5467,20000,0,0,0,0,0,1,1,0
5468,20000,0,0,0,0,0,1,1,1
5469,20000,0,0,0,0,0,1,0,1
5470,20000,0,0,0,0,0,1,0,0
5471,20000,0,0,0,0,0,1,0,1
5472,20000,0,0,0,0,0,1,1,0
5473,20000,0,0,0,0,0,1,1,1
5475,20000,0,0,0,0,0,1,1,0
5476,20000,0,0,0,0,0,1,1,1
5477,20000,0,0,0,0,0,1,0,0
5479,20000,0,0,0,0,0,1,0,1
5480,20000,0,0,0,0,0,1,0,0
5481,20000,0,0,0,0,0,1,0,1
5483,20000,0,0,0,0,0,1,0,0
5484,20000,0,0,0,0,0,1,0,1
5485,20000,0,0,0,0,0,1,0,0
5486,20000,0,0,0,0,0,1,0,1
5490,20000,0,0,0,0,0,1,1,1
5491,20000,0,0,0,0,0,1,1,0
5492,20000,0,0,0,0,0,1,0,1
5493,20000,0,0,0,0,0,1,0,0
5494,20000,0,0,0,0,0,1,0,1
5496,20000,0,0,0,0,0,1,0,0
5497,20000,0,0,0,0,0,1,0,1
5498,20000,0,0,0,0,0,1,1,0
5500,20000,0,0,0,0,0,1,1,1
5501,20000,0,0,0,0,0,1,1,0
5502,20000,0,0,0,0,0,1,1,1
5503,20000,0,0,0,0,0,1,0,0
5505,20000,0,0,0,0,0,1,0,1
5506,20000,0,0,0,0,0,1,0,0
5507,20000,0,0,0,0,0,1,0,1
5508,20000,0,0,0,0,0,1,1,1
5509,20000,0,0,0,0,0,1,1,0
5510,20000,0,0,0,0,0,1,1,1
5512,20000,0,0,0,0,0,1,1,0
5513,20000,0,0,0,0,0,1,0,1
5514,20000,0,0,0,0,0,1,0,0
5515,20000,0,0,0,0,0,1,0,1
5516,20000,0,0,0,0,0,1,1,1
5517,20000,0,0,0,0,0,1,1,0
5518,20000,0,0,0,0,0,1,1,1
5519,20000,0,0,0,0,0,1,1,0
5521,20000,0,0,0,0,0,1,1,1
5522,20000,0,0,0,0,0,1,1,0
5523,20000,0,0,0,0,0,1,1,1
5524,20000,0,0,0,0,0,1,0,1
5525,20000,0,0,0,0,0,1,0,0
5526,20000,0,0,0,0,0,1,0,1
5527,20000,0,0,0,0,0,1,0,0
5528,20000,0,0,0,0,0,1,0,1
5529,20000,0,0,0,0,0,1,1,1
5530,20000,0,0,0,0,0,1,1,0
5531,20000,0,0,0,0,0,1,1,1
5533,20000,0,0,0,0,0,1,1,0
5534,20000,0,0,0,0,0,1,0,1
5535,20000,0,0,0,0,0,1,0,0
5536,20000,0,0,0,0,0,1,0,1
5537,20000,0,0,0,0,0,1,1,1
5538,20000,0,0,0,0,0,1,1,0
5539,20000,0,0,0,0,0,1,1,1
5540,20000,0,0,0,0,0,1,1,0
5542,20000,0,0,0,0,0,1,0,1
5543,20000,0,0,0,0,0,1,0,0
5544,20000,0,0,0,0,0,1,0,1
5546,20000,0,0,0,0,0,1,0,0
5547,20000,0,0,0,0,0,1,1,1
5548,20000,0,0,0,0,0,1,1,0
5549,20000,0,0,0,0,0,1,1,1
5550,20000,0,0,0,0,0,1,0,1
5551,20000,0,0,0,0,0,1,0,0
5552,20000,0,0,0,0,0,1,0,1
5553,20000,0,0,0,0,0,1,1,1
5554,20000,0,0,0,0,0,1,1,0
5555,20000,0,0,0,0,0,1,1,1
5556,20000,0,0,0,0,0,1,0,0
5558,20000,0,0,0,0,0,1,1,1
5559,20000,0,0,0,0,0,1,1,0
5560,20000,0,0,0,0,0,1,1,1
5561,20000,0,0,0,0,0,1,1,0
5563,20000,0,0,0,0,0,1,1,1
5564,20000,0,0,0,0,0,1,1,0
5565,20000,0,0,0,0,0,1,1,1
5566,20000,0,0,0,0,0,1,0,1
5567,20000,0,0,0,0,0,1,0,0
5568,20000,0,0,0,0,0,1,0,1
5569,20000,0,0,0,0,0,1,0,0
5570,20000,0,0,0,0,0,1,0,1
5571,20000,0,0,0,0,0,1,1,1
5572,20000,0,0,0,0,0,1,1,0
5573,20000,0,0,0,0,0,1,1,1
5575,20000,0,0,0,0,0,1,1,0
5576,20000,0,0,0,0,0,1,1,1
5577,20000,0,0,0,0,0,1,0,0
5579,20000,0,0,0,0,0,1,1,1
5580,20000,0,0,0,0,0,1,1,0
5581,20000,0,0,0,0,0,1,1,1
5583,20000,0,0,0,0,0,1,1,0
5584,20000,0,0,0,0,0,1,0,1
5585,20000,0,0,0,0,0,1,0,0
5586,20000,0,0,0,0,0,1,0,1
5588,20000,0,0,0,0,0,1,0,0
5589,20000,0,0,0,0,0,1,0,1
5590,20000,0,0,0,0,0,1,1,0
5592,20000,0,0,0,0,0,1,0,1
5593,20000,0,0,0,0,0,1,0,0
5594,20000,0,0,0,0,0,1,0,1
5595,20000,0,0,0,0,0,1,1,1
5596,20000,0,0,0,0,0,1,1,0
5597,20000,0,0,0,0,0,1,1,1
5598,20000,0,0,0,0,0,1,1,0
5600,20000,0,0,0,0,0,1,0,1
5601,20000,0,0,0,0,0,1,0,0
5602,20000,0,0,0,0,0,1,0,1
5603,20000,0,0,0,0,0,1,0,0
5605,20000,0,0,0,0,0,1,1,1
5606,20000,0,0,0,0,0,1,1,0
5607,20000,0,0,0,0,0,1,1,1
5609,20000,0,0,0,0,0,1,1,0
5610,20000,0,0,0,0,0,1,1,1
5611,20000,0,0,0,0,0,1,1,0
5613,20000,0,0,0,0,0,1,0,1
5614,20000,0,0,0,0,0,1,0,0
5615,20000,0,0,0,0,0,1,0,1
5616,20000,0,0,0,0,0,1,1,1
5617,20000,0,0,0,0,0,1,1,0
5618,20000,0,0,0,0,0,1,1,1
5619,20000,0,0,0,0,0,1,1,0
5621,20000,0,0,0,0,0,1,0,1
5622,20000,0,0,0,0,0,1,0,0
5623,20000,0,0,0,0,0,1,0,1
5624,20000,0,0,0,0,0,1,1,1
5625,20000,0,0,0,0,0,1,1,0
5626,20000,0,0,0,0,0,1,0,1
5627,20000,0,0,0,0,0,1,0,0
5628,20000,0,0,0,0,0,1,0,1
5630,20000,0,0,0,0,0,1,0,0
5631,20000,0,0,0,0,0,1,0,1
5632,20000,0,0,0,0,0,1,1,0
5634,20000,0,0,0,0,0,1,0,1
5635,20000,0,0,0,0,0,1,0,0
5636,20000,0,0,0,0,0,1,0,1
5637,20000,0,0,0,0,0,1,1,1
5638,20000,0,0,0,0,0,1,1,0
5639,20000,0,0,0,0,0,1,1,1
5640,20000,0,0,0,0,0,1,1,0
5642,20000,0,0,0,0,0,1,0,1
5643,20000,0,0,0,0,0,1,0,0
5644,20000,0,0,0,0,0,1,0,1
5646,20000,0,0,0,0,0,1,0,0
5647,20000,0,0,0,0,0,1,1,1
5648,20000,0,0,0,0,0,1,1,0
5649,20000,0,0,0,0,0,1,1,1
5651,20000,0,0,0,0,0,1,1,0
5652,20000,0,0,0,0,0,1,1,1
5653,20000,0,0,0,0,0,1,1,0
5655,20000,0,0,0,0,0,1,0,1
5656,20000,0,0,0,0,0,1,0,0
5657,20000,0,0,0,0,0,1,0,1
5661,20000,0,0,0,0,0,1,1,0
5663,20000,0,0,0,0,0,1,1,1
5664,20000,0,0,0,0,0,1,1,0
5665,20000,0,0,0,0,0,1,1,1
5666,20000,0,0,0,0,0,1,0,1
5667,20000,0,0,0,0,0,1,0,0
5668,20000,0,0,0,0,0,1,1,1
5669,20000,0,0,0,0,0,1,1,0
5670,20000,0,0,0,0,0,1,1,1
5672,20000,0,0,0,0,0,1,1,0
5673,20000,0,0,0,0,0,1,1,1
5674,20000,0,0,0,0,0,1,1,0
5676,20000,0,0,0,0,0,1,1,1
5677,20000,0,0,0,0,0,1,1,0
5678,20000,0,0,0,0,0,1,1,1
5680,20000,0,0,0,0,0,1,1,0
5681,20000,0,0,0,0,0,1,1,1
5683,20000,0,0,0,0,0,1,1,0
5684,20000,0,0,0,0,0,1,1,1
5685,20000,0,0,0,0,0,1,1,0
5686,20000,0,0,0,0,0,1,1,1
5687,20000,0,0,0,0,0,1,0,1
5688,20000,0,0,0,0,0,1,0,0
5689,20000,0,0,0,0,0,1,0,1
5690,20000,0,0,0,0,0,1,1,0
5692,20000,0,0,0,0,0,1,1,1
5693,20000,0,0,0,0,0,1,1,0
5694,20000,0,0,0,0,0,1,1,1
5696,20000,0,0,0,0,0,1,1,0
5697,20000,0,0,0,0,0,1,1,1
5698,20000,0,0,0,0,0,1,1,0
5699,20000,0,0,0,0,0,1,1,1
5701,20000,0,0,0,0,0,1,1,0
5702,20000,0,0,0,0,0,1,1,1
5704,20000,0,0,0,0,0,1,1,0
5705,20000,0,0,0,0,0,1,1,1
5706,20000,0,0,0,0,0,1,1,0
5708,20000,0,0,0,0,0,1,0,1
5709,20000,0,0,0,0,0,1,0,0
5710,20000,0,0,0,0,0,1,0,1
5711,20000,0,0,0,0,0,1,1,0
5713,20000,0,0,0,0,0,1,1,1
5714,20000,0,0,0,0,0,1,1,0
5715,20000,0,0,0,0,0,1,1,1
5717,20000,0,0,0,0,0,1,1,0
5718,20000,0,0,0,0,0,1,1,1
5719,20000,0,0,0,0,0,1,1,0
5721,20000,0,0,0,0,0,1,1,1
5722,20000,0,0,0,0,0,1,1,0
5723,20000,0,0,0,0,0,1,1,1
5727,20000,0,0,0,0,0,1,1,0
5728,20000,0,0,0,0,0,1,1,1
5729,20000,0,0,0,0,0,1,1,0
5731,20000,0,0,0,0,0,1,0,1
5732,20000,0,0,0,0,0,1,0,0
5733,20000,0,0,0,0,0,1,0,1
5734,20000,0,0,0,0,0,1,1,0
5736,20000,0,0,0,0,0,1,1,1
5737,20000,0,0,0,0,0,1,1,0
5738,20000,0,0,0,0,0,1,1,1
5739,20000,0,0,0,0,0,1,0,1
5740,20000,0,0,0,0,0,1,0,0
5741,20000,0,0,0,0,0,1,0,1
5742,20000,0,0,0,0,0,1,1,0
5744,20000,0,0,0,0,0,1,0,1
5745,20000,0,0,0,0,0,1,0,0
5746,20000,0,0,0,0,0,1,0,1
5747,20000,0,0,0,0,0,0,1,1
6193,20000,0,0,0,0,0,1,1,1
6195,20000,0,0,0,0,0,0,1,1
6197,20000,0,0,0,0,0,1,1,1
6198,20000,0,0,0,0,0,1,0,1
6199,20000,0,0,0,0,0,1,0,0
6200,20000,0,0,0,0,0,1,0,1
6202,20000,0,0,0,0,0,1,0,0
6203,20000,0,0,0,0,0,1,0,1
6204,20000,0,0,0,0,0,1,0,0
6206,20000,0,0,0,0,0,1,0,1
6207,20000,0,0,0,0,0,1,0,0
6208,20000,0,0,0,0,0,1,0,1
6209,20000,0,0,0,0,0,1,1,0
6211,20000,0,0,0,0,0,1,1,1
6212,20000,0,0,0,0,0,1,1,0
6213,20000,0,0,0,0,0,1,1,1
6215,20000,0,0,0,0,0,1,1,0
6216,20000,0,0,0,0,0,1,1,1
6217,20000,0,0,0,0,0,1,1,0
6219,20000,0,0,0,0,0,1,1,1
6220,20000,0,0,0,0,0,1,1,0
6221,20000,0,0,0,0,0,1,1,1
6223,20000,0,0,0,0,0,1,1,0
6224,20000,0,0,0,0,0,1,1,1
6225,20000,0,0,0,0,0,1,0,0
6227,20000,0,0,0,0,0,1,1,1
6228,20000,0,0,0,0,0,1,1,0
6229,20000,0,0,0,0,0,1,1,1
6231,20000,0,0,0,0,0,1,1,0
6232,20000,0,0,0,0,0,1,1,1
6233,20000,0,0,0,0,0,1,1,0
6234,20000,0,0,0,0,0,1,1,1
6236,20000,0,0,0,0,0,1,1,0
6237,20000,0,0,0,0,0,1,1,1
6238,20000,0,0,0,0,0,1,1,0
6240,20000,0,0,0,0,0,1,1,1
6241,20000,0,0,0,0,0,1,1,0
6243,20000,0,0,0,0,0,1,1,1
6244,20000,0,0,0,0,0,1,1,0
6245,20000,0,0,0,0,0,1,1,1
6246,20000,0,0,0,0,0,1,0,0
6248,20000,0,0,0,0,0,1,1,1
6249,20000,0,0,0,0,0,1,1,0
6250,20000,0,0,0,0,0,1,1,1
6252,20000,0,0,0,0,0,1,1,0
6253,20000,0,0,0,0,0,1,1,1
6254,20000,0,0,0,0,0,1,1,0
6256,20000,0,0,0,0,0,1,1,1
6257,20000,0,0,0,0,0,1,1,0
6258,20000,0,0,0,0,0,1,1,1
6260,20000,0,0,0,0,0,1,1,0
6261,20000,0,0,0,0,0,1,1,1
6262,20000,0,0,0,0,0,1,1,0
6264,20000,0,0,0,0,0,1,1,1
6265,20000,0,0,0,0,0,1,1,0
6266,20000,0,0,0,0,0,1,1,1
6267,20000,0,0,0,0,0,1,0,1
6268,20000,0,0,0,0,0,1,0,0
6269,20000,0,0,0,0,0,1,0,1
6270,20000,0,0,0,0,0,1,1,0
6272,20000,0,0,0,0,0,1,1,1
6273,20000,0,0,0,0,0,1,1,0
6274,20000,0,0,0,0,0,1,1,1
6275,20000,0,0,0,0,0,1,1,0
6277,20000,0,0,0,0,0,1,1,1
6278,20000,0,0,0,0,0,1,1,0
6279,20000,0,0,0,0,0,1,1,1
6281,20000,0,0,0,0,0,1,1,0
6282,20000,0,0,0,0,0,1,1,1
6284,20000,0,0,0,0,0,1,1,0
6285,20000,0,0,0,0,0,1,1,1
6286,20000,0,0,0,0,0,1,1,0
6287,20000,0,0,0,0,0,1,1,1
6288,20000,0,0,0,0,0,1,0,1
6289,20000,0,0,0,0,0,1,0,0
6290,20000,0,0,0,0,0,1,0,1
6291,20000,0,0,0,0,0,1,0,0
6293,20000,0,0,0,0,0,1,0,1
6294,20000,0,0,0,0,0,1,0,0
6295,20000,0,0,0,0,0,1,0,1
6296,20000,0,0,0,0,0,1,1,1
6297,20000,0,0,0,0,0,1,1,0
6298,20000,0,0,0,0,0,1,1,1
6299,20000,0,0,0,0,0,1,1,0
6300,20000,0,0,0,0,0,1,1,1
6302,20000,0,0,0,0,0,1,1,0
6303,20000,0,0,0,0,0,1,1,1
6307,20000,0,0,0,0,0,1,1,0
6308,20000,0,0,0,0,0,1,1,1
6310,20000,0,0,0,0,0,1,1,0
6311,20000,0,0,0,0,0,1,1,1
6312,20000,0,0,0,0,0,1,0,0
6314,20000,0,0,0,0,0,1,0,1
6315,20000,0,0,0,0,0,1,0,0
6316,20000,0,0,0,0,0,1,0,1
6317,20000,0,0,0,0,0,1,0,0
6319,20000,0,0,0,0,0,1,1,1
6320,20000,0,0,0,0,0,1,1,0
6321,20000,0,0,0,0,0,1,1,1
6323,20000,0,0,0,0,0,1,1,0
6324,20000,0,0,0,0,0,1,1,1
6325,20000,0,0,0,0,0,1,0,0
6327,20000,0,0,0,0,0,1,0,1
6328,20000,0,0,0,0,0,1,1,0
6329,20000,0,0,0,0,0,1,1,1
6331,20000,0,0,0,0,0,1,1,0
6332,20000,0,0,0,0,0,1,1,1
6333,20000,0,0,0,0,0,1,0,0
6335,20000,0,0,0,0,0,1,1,1
6336,20000,0,0,0,0,0,1,1,0
6337,20000,0,0,0,0,0,1,1,1
6338,20000,0,0,0,0,0,1,0,1
6339,20000,0,0,0,0,0,1,0,0
6340,20000,0,0,0,0,0,1,0,1
6341,20000,0,0,0,0,0,1,0,0
6342,20000,0,0,0,0,0,1,0,1
6344,20000,0,0,0,0,0,1,0,0
6345,20000,0,0,0,0,0,1,0,1
6346,20000,0,0,0,0,0,1,1,0
6348,20000,0,0,0,0,0,1,1,1
6349,20000,0,0,0,0,0,1,1,0
6351,20000,0,0,0,0,0,1,1,1
6352,20000,0,0,0,0,0,1,1,0
6353,20000,0,0,0,0,0,1,1,1
6354,20000,0,0,0,0,0,1,0,0
6356,20000,0,0,0,0,0,1,0,1
6357,20000,0,0,0,0,0,1,0,0
6358,20000,0,0,0,0,0,1,0,1
6359,20000,0,0,0,0,0,1,1,1
6360,20000,0,0,0,0,0,1,1,0
6361,20000,0,0,0,0,0,1,1,1
6362,20000,0,0,0,0,0,1,1,0
6363,20000,0,0,0,0,0,1,1,1
6364,20000,0,0,0,0,0,1,0,1
6365,20000,0,0,0,0,0,1,0,0
6366,20000,0,0,0,0,0,1,0,1
6367,20000,0,0,0,0,0,1,0,0
6369,20000,0,0,0,0,0,1,0,1
6370,20000,0,0,0,0,0,1,1,0
6372,20000,0,0,0,0,0,1,1,1
6373,20000,0,0,0,0,0,1,1,0
6374,20000,0,0,0,0,0,1,1,1
6375,20000,0,0,0,0,0,1,0,0
6377,20000,0,0,0,0,0,1,1,1
6378,20000,0,0,0,0,0,1,1,0
6379,20000,0,0,0,0,0,1,1,1
6381,20000,0,0,0,0,0,1,1,0
6382,20000,0,0,0,0,0,1,1,1
6383,20000,0,0,0,0,0,1,1,0
6385,20000,0,0,0,0,0,1,1,1
6386,20000,0,0,0,0,0,1,1,0
6387,20000,0,0,0,0,0,1,1,1
6388,20000,0,0,0,0,0,1,1,0
6390,20000,0,0,0,0,0,1,1,1
6391,20000,0,0,0,0,0,1,1,0
6393,20000,0,0,0,0,0,1,0,1
6394,20000,0,0,0,0,0,1,0,0
6395,20000,0,0,0,0,0,1,0,1
6396,20000,0,0,0,0,0,1,1,1
6397,20000,0,0,0,0,0,1,1,0
6398,20000,0,0,0,0,0,1,1,1
6399,20000,0,0,0,0,0,1,1,0
6400,20000,0,0,0,0,0,1,1,1
6402,20000,0,0,0,0,0,1,1,0
6403,20000,0,0,0,0,0,1,1,1
6404,20000,0,0,0,0,0,1,0,0
6406,20000,0,0,0,0,0,1,0,1
6407,20000,0,0,0,0,0,1,0,0
6408,20000,0,0,0,0,0,1,0,1
6409,20000,0,0,0,0,0,1,1,1
6410,20000,0,0,0,0,0,1,1,0
6411,20000,0,0,0,0,0,1,1,1
6412,20000,0,0,0,0,0,1,1,0
6414,20000,0,0,0,0,0,1,0,1
6415,20000,0,0,0,0,0,1,0,0
6416,20000,0,0,0,0,0,1,0,1
6417,20000,0,0,0,0,0,1,1,1
6418,20000,0,0,0,0,0,1,1,0
6419,20000,0,0,0,0,0,1,1,1
6420,20000,0,0,0,0,0,1,1,0
6422,20000,0,0,0,0,0,1,0,1
6423,20000,0,0,0,0,0,1,0,0
6424,20000,0,0,0,0,0,1,0,1
6425,20000,0,0,0,0,0,1,0,0
6427,20000,0,0,0,0,0,1,1,1
6428,20000,0,0,0,0,0,1,1,0
6429,20000,0,0,0,0,0,1,1,1
6430,20000,0,0,0,0,0,1,0,1
6431,20000,0,0,0,0,0,1,0,0
6432,20000,0,0,0,0,0,1,0,1
6433,20000,0,0,0,0,0,1,1,0
6435,20000,0,0,0,0,0,1,1,1
6436,20000,0,0,0,0,0,1,1,0
6437,20000,0,0,0,0,0,1,1,1
6438,20000,0,0,0,0,0,1,0,1
6439,20000,0,0,0,0,0,1,0,0
6440,20000,0,0,0,0,0,1,0,1
6441,20000,0,0,0,0,0,1,0,0
6443,20000,0,0,0,0,0,1,1,1
6444,20000,0,0,0,0,0,1,1,0
6445,20000,0,0,0,0,0,1,1,1
6446,20000,0,0,0,0,0,1,1,0
6448,20000,0,0,0,0,0,1,1,1
6449,20000,0,0,0,0,0,1,1,0
6450,20000,0,0,0,0,0,1,1,1
6451,20000,0,0,0,0,0,1,0,1
6452,20000,0,0,0,0,0,1,0,0
6453,20000,0,0,0,0,0,1,0,1
6454,20000,0,0,0,0,0,1,1,1
6455,20000,0,0,0,0,0,1,1,0
6456,20000,0,0,0,0,0,1,1,1
6457,20000,0,0,0,0,0,1,1,0
6458,20000,0,0,0,0,0,1,1,1
6459,20000,0,0,0,0,0,1,0,1
6460,20000,0,0,0,0,0,1,0,0
6461,20000,0,0,0,0,0,1,0,1
6462,20000,0,0,0,0,0,1,1,0
6464,20000,0,0,0,0,0,1,0,1
6465,20000,0,0,0,0,0,1,0,0
6466,20000,0,0,0,0,0,1,0,1
6467,20000,0,0,0,0,0,1,0,0
6469,20000,0,0,0,0,0,1,1,1
6470,20000,0,0,0,0,0,1,1,0
6471,20000,0,0,0,0,0,1,1,1
6472,20000,0,0,0,0,0,1,0,1
6473,20000,0,0,0,0,0,1,0,0
6474,20000,0,0,0,0,0,1,0,1
6477,20000,0,0,0,0,0,1,1,1
6478,20000,0,0,0,0,0,1,1,0
6479,20000,0,0,0,0,0,1,1,1
6481,20000,0,0,0,0,0,1,1,0
6482,20000,0,0,0,0,0,1,1,1
6483,20000,0,0,0,0,0,1,0,0
6485,20000,0,0,0,0,0,1,0,1
6486,20000,0,0,0,0,0,1,0,0
6487,20000,0,0,0,0,0,1,0,1
6488,20000,0,0,0,0,0,1,1,0
6490,20000,0,0,0,0,0,1,1,1
6491,20000,0,0,0,0,0,1,1,0
6492,20000,0,0,0,0,0,1,1,1
6494,20000,0,0,0,0,0,1,1,0
6495,20000,0,0,0,0,0,1,1,1
6496,20000,0,0,0,0,0,1,0,0
6497,20000,0,0,0,0,0,1,0,1
6498,20000,0,0,0,0,0,1,1,1
6499,20000,0,0,0,0,0,1,1,0
6500,20000,0,0,0,0,0,1,1,1
6502,20000,0,0,0,0,0,1,1,0
6503,20000,0,0,0,0,0,1,1,1
6504,20000,0,0,0,0,0,1,0,0
6506,20000,0,0,0,0,0,1,1,1
6507,20000,0,0,0,0,0,1,1,0
6508,20000,0,0,0,0,0,1,1,1
6510,20000,0,0,0,0,0,1,1,0
6511,20000,0,0,0,0,0,1,1,1
6512,20000,0,0,0,0,0,1,1,0
6513,20000,0,0,0,0,0,1,1,1
6515,20000,0,0,0,0,0,1,1,0
6516,20000,0,0,0,0,0,1,1,1
6517,20000,0,0,0,0,0,1,1,0
6519,20000,0,0,0,0,0,1,1,1
6520,20000,0,0,0,0,0,1,1,0
6522,20000,0,0,0,0,0,1,1,1
6523,20000,0,0,0,0,0,1,1,0
6524,20000,0,0,0,0,0,1,1,1
6525,20000,0,0,0,0,0,1,0,0
6527,20000,0,0,0,0,0,1,1,1
6528,20000,0,0,0,0,0,1,1,0
6529,20000,0,0,0,0,0,1,1,1
6531,20000,0,0,0,0,0,1,1,0
6532,20000,0,0,0,0,0,1,1,1
6533,20000,0,0,0,0,0,1,1,0
6535,20000,0,0,0,0,0,1,1,1
6536,20000,0,0,0,0,0,1,1,0
6537,20000,0,0,0,0,0,1,1,1
6539,20000,0,0,0,0,0,1,1,0
6540,20000,0,0,0,0,0,1,1,1
6541,20000,0,0,0,0,0,1,1,0
6543,20000,0,0,0,0,0,1,1,1
6544,20000,0,0,0,0,0,1,1,0
6545,20000,0,0,0,0,0,1,1,1
6546,20000,0,0,0,0,0,1,0,1
6547,20000,0,0,0,0,0,1,0,0
6548,20000,0,0,0,0,0,1,0,1
6549,20000,0,0,0,0,0,1,1,0
6551,20000,0,0,0,0,0,1,1,1
6552,20000,0,0,0,0,0,1,1,0
6553,20000,0,0,0,0,0,1,1,1
6554,20000,0,0,0,0,0,1,1,0
6556,20000,0,0,0,0,0,1,1,1
6557,20000,0,0,0,0,0,1,1,0
6558,20000,0,0,0,0,0,1,1,1
6560,20000,0,0,0,0,0,1,1,0
6561,20000,0,0,0,0,0,1,1,1
6564,20000,0,0,0,0,0,1,1,0
6566,20000,0,0,0,0,0,1,1,1
6567,20000,0,0,0,0,0,1,1,0
6568,20000,0,0,0,0,0,1,1,1
6569,20000,0,0,0,0,0,1,0,1
6570,20000,0,0,0,0,0,1,0,0
6571,20000,0,0,0,0,0,1,0,1
6572,20000,0,0,0,0,0,1,0,0
6573,20000,0,0,0,0,0,1,0,1
6575,20000,0,0,0,0,0,1,0,0
6576,20000,0,0,0,0,0,1,0,1
6577,20000,0,0,0,0,0,1,1,0
6579,20000,0,0,0,0,0,1,0,1
6580,20000,0,0,0,0,0,1,0,0
6581,20000,0,0,0,0,0,1,0,1
6582,20000,0,0,0,0,0,1,0,0
6584,20000,0,0,0,0,0,1,1,1
6585,20000,0,0,0,0,0,0,1,1
7168,20000,0,0,0,0,0,0,1,1
